-- phpMyAdmin SQL Dump
-- version 5.2.1
-- https://www.phpmyadmin.net/
--
-- Host: 127.0.0.1
-- Generation Time: May 17, 2023 at 10:28 PM
-- Server version: 10.4.28-MariaDB
-- PHP Version: 8.2.4

SET SQL_MODE = "NO_AUTO_VALUE_ON_ZERO";
START TRANSACTION;
SET time_zone = "+00:00";


/*!40101 SET @OLD_CHARACTER_SET_CLIENT=@@CHARACTER_SET_CLIENT */;
/*!40101 SET @OLD_CHARACTER_SET_RESULTS=@@CHARACTER_SET_RESULTS */;
/*!40101 SET @OLD_COLLATION_CONNECTION=@@COLLATION_CONNECTION */;
/*!40101 SET NAMES utf8mb4 */;

--
-- Database: `acesenroll`
--

-- --------------------------------------------------------

--
-- Table structure for table `adminlogs`
--

CREATE TABLE `adminlogs` (
  `id` bigint(20) UNSIGNED NOT NULL,
  `userid` int(11) NOT NULL,
  `action` varchar(255) NOT NULL,
  `created_at` timestamp NULL DEFAULT NULL,
  `updated_at` timestamp NULL DEFAULT NULL
) ENGINE=InnoDB DEFAULT CHARSET=utf8mb4 COLLATE=utf8mb4_unicode_ci;

--
-- Dumping data for table `adminlogs`
--

INSERT INTO `adminlogs` (`id`, `userid`, `action`, `created_at`, `updated_at`) VALUES
(1, 3, 'Jimmy Luceño  Deleted: []', '2023-05-17 06:17:07', '2023-05-17 06:17:07'),
(2, 3, 'Jimmy Luceño  Deleted: []', '2023-05-17 06:17:09', '2023-05-17 06:17:09'),
(3, 3, 'Jimmy Luceño  Deleted: []', '2023-05-17 06:17:15', '2023-05-17 06:17:15'),
(4, 3, 'Jimmy Luceño  Deleted: []', '2023-05-17 06:17:28', '2023-05-17 06:17:28'),
(5, 3, 'Jimmy Luceño  Deleted: []', '2023-05-17 06:17:28', '2023-05-17 06:17:28'),
(6, 3, 'Jimmy Luceño  Deleted: []', '2023-05-17 06:17:29', '2023-05-17 06:17:29'),
(7, 3, 'Jimmy Luceño  Deleted: []', '2023-05-17 06:17:29', '2023-05-17 06:17:29'),
(8, 3, 'Jimmy Luceño  Deleted: []', '2023-05-17 06:17:29', '2023-05-17 06:17:29'),
(9, 3, 'Jimmy Luceño  Deleted: []', '2023-05-17 06:17:29', '2023-05-17 06:17:29'),
(10, 3, 'Jimmy Luceño  Deleted: []', '2023-05-17 06:17:39', '2023-05-17 06:17:39'),
(11, 3, 'Jimmy Luceño  Deleted: []', '2023-05-17 06:18:26', '2023-05-17 06:18:26'),
(12, 3, 'Jimmy Luceño  Deleted: []', '2023-05-17 06:18:42', '2023-05-17 06:18:42'),
(13, 3, 'Jimmy Luceño  Deleted: []', '2023-05-17 06:18:45', '2023-05-17 06:18:45'),
(14, 3, 'Jimmy Luceño  Deleted: [\"BSIT\"]', '2023-05-17 06:18:48', '2023-05-17 06:18:48'),
(15, 3, 'Jimmy Luceño  Deleted: [\"BSIT\"]', '2023-05-17 06:18:50', '2023-05-17 06:18:50'),
(16, 3, 'Jimmy Luceño  Deleted: [\"BSIT\"]', '2023-05-17 06:18:50', '2023-05-17 06:18:50'),
(17, 3, 'Jimmy Luceño  Deleted: [\"BSIT\"]', '2023-05-17 06:18:51', '2023-05-17 06:18:51'),
(18, 3, 'Jimmy Luceño  Deleted: []', '2023-05-17 06:18:51', '2023-05-17 06:18:51'),
(19, 3, 'Jimmy Luceño  Deleted: [\"BSIT\"]', '2023-05-17 06:18:52', '2023-05-17 06:18:52'),
(20, 3, 'Jimmy Luceño  Deleted: []', '2023-05-17 06:18:52', '2023-05-17 06:18:52'),
(21, 3, 'Jimmy Luceño  Deleted: []', '2023-05-17 06:18:52', '2023-05-17 06:18:52'),
(22, 3, 'Jimmy Luceño  Deleted: []', '2023-05-17 06:18:52', '2023-05-17 06:18:52'),
(23, 3, 'Jimmy Luceño  Deleted: []', '2023-05-17 06:18:53', '2023-05-17 06:18:53'),
(24, 3, 'Jimmy Luceño  Deleted: []', '2023-05-17 06:18:53', '2023-05-17 06:18:53'),
(25, 3, 'Jimmy Luceño  Deleted: []', '2023-05-17 06:18:53', '2023-05-17 06:18:53'),
(26, 3, 'Jimmy Luceño  Deleted: []', '2023-05-17 06:18:53', '2023-05-17 06:18:53'),
(27, 3, 'Jimmy Luceño  Deleted: []', '2023-05-17 06:18:54', '2023-05-17 06:18:54'),
(28, 3, 'Jimmy Luceño  Deleted: []', '2023-05-17 06:18:54', '2023-05-17 06:18:54'),
(29, 3, 'Jimmy Luceño  Deleted: []', '2023-05-17 06:18:54', '2023-05-17 06:18:54'),
(30, 3, 'Jimmy Luceño  Deleted: []', '2023-05-17 06:18:54', '2023-05-17 06:18:54'),
(31, 3, 'Jimmy Luceño  Deleted: []', '2023-05-17 06:18:54', '2023-05-17 06:18:54'),
(32, 3, 'Jimmy Luceño  Deleted: []', '2023-05-17 06:18:55', '2023-05-17 06:18:55'),
(33, 3, 'Jimmy Luceño  Deleted: []', '2023-05-17 06:18:55', '2023-05-17 06:18:55'),
(34, 3, 'Jimmy Luceño  Deleted: [\"BSIT\"]', '2023-05-17 06:18:55', '2023-05-17 06:18:55'),
(35, 3, 'Jimmy Luceño  Deleted: [\"BSIT\"]', '2023-05-17 06:18:56', '2023-05-17 06:18:56'),
(36, 3, 'Jimmy Luceño  Deleted: [\"BSIT\"]', '2023-05-17 06:18:58', '2023-05-17 06:18:58'),
(37, 3, 'Jimmy Luceño  Deleted: [\"BSIT\"]', '2023-05-17 06:18:59', '2023-05-17 06:18:59'),
(38, 3, 'Jimmy Luceño  Deleted: [\"BSIT\"]', '2023-05-17 06:19:00', '2023-05-17 06:19:00'),
(39, 3, 'Jimmy Luceño  Deleted: []', '2023-05-17 06:19:00', '2023-05-17 06:19:00'),
(40, 3, 'Jimmy Luceño  Deleted: []', '2023-05-17 06:19:00', '2023-05-17 06:19:00'),
(41, 3, 'Jimmy Luceño  Deleted: []', '2023-05-17 06:19:00', '2023-05-17 06:19:00'),
(42, 3, 'Jimmy Luceño  Deleted: []', '2023-05-17 06:19:01', '2023-05-17 06:19:01'),
(43, 3, 'Jimmy Luceño  Deleted: []', '2023-05-17 06:19:01', '2023-05-17 06:19:01'),
(44, 3, 'Jimmy Luceño  Deleted: []', '2023-05-17 06:19:01', '2023-05-17 06:19:01'),
(45, 3, 'Jimmy Luceño  Deleted: []', '2023-05-17 06:19:01', '2023-05-17 06:19:01'),
(46, 3, 'Jimmy Luceño  Deleted: [\"BSIT\"]', '2023-05-17 06:19:02', '2023-05-17 06:19:02'),
(47, 3, 'Jimmy Luceño  Deleted: [\"BSIT\"]', '2023-05-17 06:19:03', '2023-05-17 06:19:03'),
(48, 3, 'Jimmy Luceño  Deleted: [\"BSIT\"]', '2023-05-17 06:19:04', '2023-05-17 06:19:04'),
(49, 3, 'Jimmy Luceño  Deleted: [\"BSIT\"]', '2023-05-17 06:19:05', '2023-05-17 06:19:05'),
(50, 3, 'Jimmy Luceño  Deleted: [\"BSIT\"]', '2023-05-17 06:19:05', '2023-05-17 06:19:05'),
(51, 3, 'Jimmy Luceño  Deleted: [\"BSIT\"]', '2023-05-17 06:19:06', '2023-05-17 06:19:06'),
(52, 3, 'Jimmy Luceño  Deleted: [\"BSIT\"]', '2023-05-17 06:19:07', '2023-05-17 06:19:07'),
(53, 3, 'Jimmy Luceño  Deleted: [\"BSIT\"]', '2023-05-17 06:19:07', '2023-05-17 06:19:07'),
(54, 3, 'Jimmy Luceño  created course: BSABE', '2023-05-17 06:19:13', '2023-05-17 06:19:13'),
(55, 3, 'Jimmy Luceño  created course: BSIT', '2023-05-17 06:19:20', '2023-05-17 06:19:20'),
(56, 3, 'Jimmy Luceño  Deleted: [\"BSABE\"]', '2023-05-17 06:19:23', '2023-05-17 06:19:23'),
(57, 3, 'Jimmy Luceño  Deleted: [\"BSIT\"]', '2023-05-17 06:19:24', '2023-05-17 06:19:24'),
(58, 3, 'Jimmy Luceño  Deleted: []', '2023-05-17 06:19:36', '2023-05-17 06:19:36'),
(59, 3, 'Jimmy Luceño  Deleted: []', '2023-05-17 06:19:41', '2023-05-17 06:19:41'),
(60, 3, 'Jimmy Luceño  Deleted: []', '2023-05-17 06:19:52', '2023-05-17 06:19:52'),
(61, 3, 'Jimmy Luceño  Deleted: []', '2023-05-17 06:19:52', '2023-05-17 06:19:52'),
(62, 3, 'Jimmy Luceño  Deleted: []', '2023-05-17 06:19:53', '2023-05-17 06:19:53'),
(63, 3, 'Jimmy Luceño  Deleted: []', '2023-05-17 06:19:53', '2023-05-17 06:19:53'),
(64, 3, 'Jimmy Luceño  Deleted: []', '2023-05-17 06:20:05', '2023-05-17 06:20:05'),
(65, 3, 'Jimmy Luceño  Deleted: []', '2023-05-17 06:20:05', '2023-05-17 06:20:05'),
(66, 3, 'Jimmy Luceño  Deleted: []', '2023-05-17 06:20:06', '2023-05-17 06:20:06'),
(67, 3, 'Jimmy Luceño  Deleted: []', '2023-05-17 06:20:08', '2023-05-17 06:20:08'),
(68, 3, 'Jimmy Luceño  created course: BSIT', '2023-05-17 06:20:13', '2023-05-17 06:20:13'),
(69, 3, 'Jimmy Luceño  created Subject: Programming Paradigm 2 for course: BSIT', '2023-05-17 06:20:17', '2023-05-17 06:20:17'),
(70, 3, 'Jimmy Luceño  added Subject: P for Year: 2', '2023-05-17 06:20:19', '2023-05-17 06:20:19'),
(71, 3, 'Jimmy Luceño  edited: []', '2023-05-17 06:27:07', '2023-05-17 06:27:07'),
(72, 3, 'Jimmy Luceño  edited: []', '2023-05-17 06:27:44', '2023-05-17 06:27:44'),
(73, 3, 'Jimmy Luceño  edited: []', '2023-05-17 06:27:44', '2023-05-17 06:27:44'),
(74, 3, 'Jimmy Luceño  edited: []', '2023-05-17 06:27:44', '2023-05-17 06:27:44'),
(75, 3, 'Jimmy Luceño  edited: []', '2023-05-17 06:27:44', '2023-05-17 06:27:44'),
(76, 3, 'Jimmy Luceño  edited: []', '2023-05-17 06:29:14', '2023-05-17 06:29:14'),
(77, 3, 'Jimmy Luceño  edited: []', '2023-05-17 06:29:16', '2023-05-17 06:29:16'),
(78, 3, 'Jimmy Luceño  edited: []', '2023-05-17 06:30:09', '2023-05-17 06:30:09'),
(79, 3, 'Jimmy Luceño  edited: []', '2023-05-17 06:30:12', '2023-05-17 06:30:12'),
(80, 3, 'Jimmy Luceño  edited: []', '2023-05-17 06:31:08', '2023-05-17 06:31:08'),
(81, 3, 'Jimmy Luceño  edited: []', '2023-05-17 06:31:08', '2023-05-17 06:31:08'),
(82, 3, 'Jimmy Luceño  edited: []', '2023-05-17 06:31:08', '2023-05-17 06:31:08'),
(83, 3, 'Jimmy Luceño  edited: []', '2023-05-17 06:31:08', '2023-05-17 06:31:08'),
(84, 3, 'Jimmy Luceño  edited: []', '2023-05-17 06:31:09', '2023-05-17 06:31:09'),
(85, 3, 'Jimmy Luceño  edited: []', '2023-05-17 06:31:09', '2023-05-17 06:31:09'),
(86, 3, 'Jimmy Luceño  edited: []', '2023-05-17 06:31:09', '2023-05-17 06:31:09'),
(87, 3, 'Jimmy Luceño  edited: []', '2023-05-17 06:31:09', '2023-05-17 06:31:09'),
(88, 3, 'Jimmy Luceño  edited: []', '2023-05-17 06:31:19', '2023-05-17 06:31:19'),
(89, 3, 'Jimmy Luceño  edited: []', '2023-05-17 06:31:19', '2023-05-17 06:31:19'),
(90, 3, 'Jimmy Luceño  edited: []', '2023-05-17 06:31:19', '2023-05-17 06:31:19'),
(91, 3, 'Jimmy Luceño  edited: []', '2023-05-17 06:31:19', '2023-05-17 06:31:19'),
(92, 3, 'Jimmy Luceño  edited: []', '2023-05-17 06:32:11', '2023-05-17 06:32:11'),
(93, 3, 'Jimmy Luceño  edited: []', '2023-05-17 06:32:11', '2023-05-17 06:32:11'),
(94, 3, 'Jimmy Luceño  edited: []', '2023-05-17 06:32:12', '2023-05-17 06:32:12'),
(95, 3, 'Jimmy Luceño  edited: []', '2023-05-17 06:32:12', '2023-05-17 06:32:12'),
(96, 3, 'Jimmy Luceño  edited: []', '2023-05-17 06:32:13', '2023-05-17 06:32:13'),
(97, 3, 'Jimmy Luceño  edited: []', '2023-05-17 06:32:13', '2023-05-17 06:32:13'),
(98, 3, 'Jimmy Luceño  edited: []', '2023-05-17 06:32:14', '2023-05-17 06:32:14'),
(99, 3, 'Jimmy Luceño  edited: []', '2023-05-17 06:32:14', '2023-05-17 06:32:14'),
(100, 3, 'Jimmy Luceño  edited: []', '2023-05-17 06:32:15', '2023-05-17 06:32:15'),
(101, 3, 'Jimmy Luceño  edited: []', '2023-05-17 06:32:15', '2023-05-17 06:32:15'),
(102, 3, 'Jimmy Luceño  edited: []', '2023-05-17 06:32:22', '2023-05-17 06:32:22'),
(103, 3, 'Jimmy Luceño  edited: []', '2023-05-17 06:32:23', '2023-05-17 06:32:23'),
(104, 3, 'Jimmy Luceño  edited: []', '2023-05-17 06:32:23', '2023-05-17 06:32:23'),
(105, 3, 'Jimmy Luceño  edited: []', '2023-05-17 06:32:24', '2023-05-17 06:32:24'),
(106, 3, 'Jimmy Luceño  edited: []', '2023-05-17 06:32:24', '2023-05-17 06:32:24'),
(107, 3, 'Jimmy Luceño  edited: []', '2023-05-17 06:32:25', '2023-05-17 06:32:25'),
(108, 3, 'Jimmy Luceño  edited: []', '2023-05-17 06:32:25', '2023-05-17 06:32:25'),
(109, 3, 'Jimmy Luceño  edited: []', '2023-05-17 06:32:31', '2023-05-17 06:32:31'),
(110, 3, 'Jimmy Luceño  edited: []', '2023-05-17 06:32:31', '2023-05-17 06:32:31'),
(111, 3, 'Jimmy Luceño  edited: []', '2023-05-17 06:32:31', '2023-05-17 06:32:31'),
(112, 3, 'Jimmy Luceño  edited: []', '2023-05-17 06:32:32', '2023-05-17 06:32:32'),
(113, 3, 'Jimmy Luceño  edited: []', '2023-05-17 06:32:32', '2023-05-17 06:32:32'),
(114, 3, 'Jimmy Luceño  edited: []', '2023-05-17 06:32:32', '2023-05-17 06:32:32'),
(115, 3, 'Jimmy Luceño  edited: []', '2023-05-17 06:32:32', '2023-05-17 06:32:32'),
(116, 3, 'Jimmy Luceño  edited: []', '2023-05-17 06:32:42', '2023-05-17 06:32:42'),
(117, 3, 'Jimmy Luceño  edited: []', '2023-05-17 06:58:54', '2023-05-17 06:58:54'),
(118, 3, 'Jimmy Luceño  edited: []', '2023-05-17 06:58:54', '2023-05-17 06:58:54'),
(119, 3, 'Jimmy Luceño  edited: []', '2023-05-17 06:58:54', '2023-05-17 06:58:54'),
(120, 3, 'Jimmy Luceño  edited: []', '2023-05-17 06:58:55', '2023-05-17 06:58:55'),
(121, 3, 'Jimmy Luceño  edited: []', '2023-05-17 06:58:55', '2023-05-17 06:58:55'),
(122, 3, 'Jimmy Luceño  edited: []', '2023-05-17 06:59:09', '2023-05-17 06:59:09'),
(123, 3, 'Jimmy Luceño  edited: []', '2023-05-17 06:59:09', '2023-05-17 06:59:09'),
(124, 3, 'Jimmy Luceño  edited: []', '2023-05-17 06:59:09', '2023-05-17 06:59:09'),
(125, 3, 'Jimmy Luceño  edited: []', '2023-05-17 06:59:10', '2023-05-17 06:59:10'),
(126, 3, 'Jimmy Luceño  edited: []', '2023-05-17 06:59:10', '2023-05-17 06:59:10'),
(127, 3, 'Jimmy Luceño  edited: []', '2023-05-17 07:00:22', '2023-05-17 07:00:22'),
(128, 3, 'Jimmy Luceño  edited: []', '2023-05-17 07:00:23', '2023-05-17 07:00:23'),
(129, 3, 'Jimmy Luceño  edited: []', '2023-05-17 07:00:23', '2023-05-17 07:00:23'),
(130, 3, 'Jimmy Luceño  edited: []', '2023-05-17 07:00:23', '2023-05-17 07:00:23'),
(131, 3, 'Jimmy Luceño  edited: []', '2023-05-17 07:00:24', '2023-05-17 07:00:24'),
(132, 3, 'Jimmy Luceño  edited: []', '2023-05-17 07:00:24', '2023-05-17 07:00:24'),
(133, 3, 'Jimmy Luceño  edited: []', '2023-05-17 07:00:25', '2023-05-17 07:00:25'),
(134, 3, 'Jimmy Luceño  edited: []', '2023-05-17 07:00:25', '2023-05-17 07:00:25'),
(135, 3, 'Jimmy Luceño  edited: []', '2023-05-17 07:00:25', '2023-05-17 07:00:25'),
(136, 3, 'Jimmy Luceño  edited: []', '2023-05-17 07:00:26', '2023-05-17 07:00:26'),
(137, 3, 'Jimmy Luceño  edited: []', '2023-05-17 07:00:26', '2023-05-17 07:00:26'),
(138, 3, 'Jimmy Luceño  edited: []', '2023-05-17 07:00:26', '2023-05-17 07:00:26'),
(139, 3, 'Jimmy Luceño  edited: []', '2023-05-17 07:00:27', '2023-05-17 07:00:27'),
(140, 3, 'Jimmy Luceño  edited: []', '2023-05-17 07:00:27', '2023-05-17 07:00:27'),
(141, 3, 'Jimmy Luceño  edited: []', '2023-05-17 07:00:27', '2023-05-17 07:00:27'),
(142, 3, 'Jimmy Luceño  edited: []', '2023-05-17 07:00:33', '2023-05-17 07:00:33'),
(143, 3, 'Jimmy Luceño  edited: []', '2023-05-17 07:00:33', '2023-05-17 07:00:33'),
(144, 3, 'Jimmy Luceño  edited: []', '2023-05-17 07:00:34', '2023-05-17 07:00:34'),
(145, 3, 'Jimmy Luceño  edited: []', '2023-05-17 07:00:34', '2023-05-17 07:00:34'),
(146, 3, 'Jimmy Luceño  edited: []', '2023-05-17 07:00:34', '2023-05-17 07:00:34'),
(147, 3, 'Jimmy Luceño  edited: []', '2023-05-17 07:00:35', '2023-05-17 07:00:35'),
(148, 3, 'Jimmy Luceño  edited: []', '2023-05-17 07:01:39', '2023-05-17 07:01:39'),
(149, 3, 'Jimmy Luceño  edited: []', '2023-05-17 07:01:40', '2023-05-17 07:01:40'),
(150, 3, 'Jimmy Luceño  edited: []', '2023-05-17 07:04:45', '2023-05-17 07:04:45'),
(151, 3, 'Jimmy Luceño  edited: []', '2023-05-17 07:04:49', '2023-05-17 07:04:49'),
(152, 3, 'Jimmy Luceño  edited: []', '2023-05-17 07:04:49', '2023-05-17 07:04:49'),
(153, 3, 'Jimmy Luceño  edited: []', '2023-05-17 07:04:49', '2023-05-17 07:04:49'),
(154, 3, 'Jimmy Luceño  edited: []', '2023-05-17 07:04:50', '2023-05-17 07:04:50'),
(155, 3, 'Jimmy Luceño  edited: []', '2023-05-17 07:04:50', '2023-05-17 07:04:50'),
(156, 3, 'Jimmy Luceño  edited: []', '2023-05-17 07:04:50', '2023-05-17 07:04:50'),
(157, 3, 'Jimmy Luceño  edited: []', '2023-05-17 07:05:43', '2023-05-17 07:05:43'),
(158, 3, 'Jimmy Luceño  edited: []', '2023-05-17 07:05:44', '2023-05-17 07:05:44'),
(159, 3, 'Jimmy Luceño  edited: []', '2023-05-17 07:05:44', '2023-05-17 07:05:44'),
(160, 3, 'Jimmy Luceño  edited: []', '2023-05-17 07:05:55', '2023-05-17 07:05:55'),
(161, 3, 'Jimmy Luceño  edited: []', '2023-05-17 07:05:55', '2023-05-17 07:05:55'),
(162, 3, 'Jimmy Luceño  edited: []', '2023-05-17 07:05:55', '2023-05-17 07:05:55'),
(163, 3, 'Jimmy Luceño  edited: []', '2023-05-17 07:05:56', '2023-05-17 07:05:56'),
(164, 3, 'Jimmy Luceño  edited: []', '2023-05-17 07:05:56', '2023-05-17 07:05:56'),
(165, 3, 'Jimmy Luceño  edited: []', '2023-05-17 07:05:56', '2023-05-17 07:05:56'),
(166, 3, 'Jimmy Luceño  edited: []', '2023-05-17 07:05:56', '2023-05-17 07:05:56'),
(167, 3, 'Jimmy Luceño  edited: []', '2023-05-17 07:05:57', '2023-05-17 07:05:57'),
(168, 3, 'Jimmy Luceño  edited: []', '2023-05-17 07:07:40', '2023-05-17 07:07:40'),
(169, 3, 'Jimmy Luceño  edited: []', '2023-05-17 07:07:40', '2023-05-17 07:07:40'),
(170, 3, 'Jimmy Luceño  edited: []', '2023-05-17 07:07:40', '2023-05-17 07:07:40'),
(171, 3, 'Jimmy Luceño  edited: []', '2023-05-17 07:07:40', '2023-05-17 07:07:40'),
(172, 3, 'Jimmy Luceño  edited: []', '2023-05-17 07:07:41', '2023-05-17 07:07:41'),
(173, 3, 'Jimmy Luceño  edited: []', '2023-05-17 07:07:41', '2023-05-17 07:07:41'),
(174, 3, 'Jimmy Luceño  edited: []', '2023-05-17 07:07:41', '2023-05-17 07:07:41'),
(175, 3, 'Jimmy Luceño  edited: []', '2023-05-17 07:07:41', '2023-05-17 07:07:41'),
(176, 3, 'Jimmy Luceño  edited: []', '2023-05-17 07:07:42', '2023-05-17 07:07:42'),
(177, 3, 'Jimmy Luceño  edited: []', '2023-05-17 07:07:43', '2023-05-17 07:07:43'),
(178, 3, 'Jimmy Luceño  edited: []', '2023-05-17 07:07:44', '2023-05-17 07:07:44'),
(179, 3, 'Jimmy Luceño  edited: []', '2023-05-17 07:07:44', '2023-05-17 07:07:44'),
(180, 3, 'Jimmy Luceño  edited: []', '2023-05-17 07:07:45', '2023-05-17 07:07:45'),
(181, 3, 'Jimmy Luceño  edited: []', '2023-05-17 07:09:14', '2023-05-17 07:09:14'),
(182, 3, 'Jimmy Luceño  edited: []', '2023-05-17 07:09:14', '2023-05-17 07:09:14'),
(183, 3, 'Jimmy Luceño  edited: []', '2023-05-17 07:09:14', '2023-05-17 07:09:14'),
(184, 3, 'Jimmy Luceño  edited: []', '2023-05-17 07:10:39', '2023-05-17 07:10:39'),
(185, 3, 'Jimmy Luceño  edited: []', '2023-05-17 07:10:39', '2023-05-17 07:10:39'),
(186, 3, 'Jimmy Luceño  edited: []', '2023-05-17 07:10:40', '2023-05-17 07:10:40'),
(187, 3, 'Jimmy Luceño  edited: []', '2023-05-17 07:10:40', '2023-05-17 07:10:40'),
(188, 3, 'Jimmy Luceño  edited: []', '2023-05-17 07:10:40', '2023-05-17 07:10:40'),
(189, 3, 'Jimmy Luceño  edited: []', '2023-05-17 07:11:13', '2023-05-17 07:11:13'),
(190, 3, 'Jimmy Luceño  edited: []', '2023-05-17 07:11:24', '2023-05-17 07:11:24'),
(191, 3, 'Jimmy Luceño  edited: []', '2023-05-17 07:11:24', '2023-05-17 07:11:24'),
(192, 3, 'Jimmy Luceño  edited: []', '2023-05-17 07:11:24', '2023-05-17 07:11:24'),
(193, 3, 'Jimmy Luceño  edited: []', '2023-05-17 07:11:25', '2023-05-17 07:11:25'),
(194, 3, 'Jimmy Luceño  edited: []', '2023-05-17 07:11:25', '2023-05-17 07:11:25'),
(195, 3, 'Jimmy Luceño  edited: []', '2023-05-17 07:12:09', '2023-05-17 07:12:09'),
(196, 3, 'Jimmy Luceño  edited: []', '2023-05-17 07:12:09', '2023-05-17 07:12:09'),
(197, 3, 'Jimmy Luceño  edited: []', '2023-05-17 07:12:10', '2023-05-17 07:12:10'),
(198, 3, 'Jimmy Luceño  edited: []', '2023-05-17 07:12:10', '2023-05-17 07:12:10'),
(199, 3, 'Jimmy Luceño  edited: []', '2023-05-17 07:12:10', '2023-05-17 07:12:10'),
(200, 3, 'Jimmy Luceño  edited: []', '2023-05-17 07:12:10', '2023-05-17 07:12:10'),
(201, 3, 'Jimmy Luceño  edited: []', '2023-05-17 07:12:11', '2023-05-17 07:12:11'),
(202, 3, 'Jimmy Luceño  edited: []', '2023-05-17 07:12:11', '2023-05-17 07:12:11'),
(203, 3, 'Jimmy Luceño  edited: []', '2023-05-17 07:12:11', '2023-05-17 07:12:11'),
(204, 3, 'Jimmy Luceño  edited: []', '2023-05-17 07:12:11', '2023-05-17 07:12:11'),
(205, 3, 'Jimmy Luceño  edited: []', '2023-05-17 07:25:40', '2023-05-17 07:25:40'),
(206, 3, 'Jimmy Luceño  edited: []', '2023-05-17 07:26:57', '2023-05-17 07:26:57'),
(207, 3, 'Jimmy Luceño  edited: []', '2023-05-17 07:28:52', '2023-05-17 07:28:52'),
(208, 3, 'Jimmy Luceño  edited: []', '2023-05-17 07:28:52', '2023-05-17 07:28:52'),
(209, 3, 'Jimmy Luceño  edited: []', '2023-05-17 07:28:53', '2023-05-17 07:28:53'),
(210, 3, 'Jimmy Luceño  edited: []', '2023-05-17 07:28:53', '2023-05-17 07:28:53'),
(211, 3, 'Jimmy Luceño  edited: []', '2023-05-17 07:28:53', '2023-05-17 07:28:53'),
(212, 3, 'Jimmy Luceño  edited: []', '2023-05-17 07:28:54', '2023-05-17 07:28:54'),
(213, 3, 'Jimmy Luceño  edited: []', '2023-05-17 07:28:54', '2023-05-17 07:28:54'),
(214, 3, 'Jimmy Luceño  edited: []', '2023-05-17 07:28:55', '2023-05-17 07:28:55'),
(215, 3, 'Jimmy Luceño  edited: []', '2023-05-17 07:28:55', '2023-05-17 07:28:55'),
(216, 3, 'Jimmy Luceño  edited: []', '2023-05-17 07:28:55', '2023-05-17 07:28:55'),
(217, 3, 'Jimmy Luceño  edited: []', '2023-05-17 07:29:01', '2023-05-17 07:29:01'),
(218, 3, 'Jimmy Luceño  edited: []', '2023-05-17 07:29:01', '2023-05-17 07:29:01'),
(219, 3, 'Jimmy Luceño  edited: []', '2023-05-17 07:29:01', '2023-05-17 07:29:01'),
(220, 3, 'Jimmy Luceño  edited: []', '2023-05-17 07:29:03', '2023-05-17 07:29:03'),
(221, 3, 'Jimmy Luceño  edited: []', '2023-05-17 07:42:59', '2023-05-17 07:42:59'),
(222, 3, 'Jimmy Luceño  edited: []', '2023-05-17 07:43:03', '2023-05-17 07:43:03'),
(223, 3, 'Jimmy Luceño  edited: []', '2023-05-17 07:43:22', '2023-05-17 07:43:22'),
(224, 3, 'Jimmy Luceño  edited: []', '2023-05-17 07:43:24', '2023-05-17 07:43:24'),
(225, 3, 'Jimmy Luceño  edited: []', '2023-05-17 07:43:50', '2023-05-17 07:43:50'),
(226, 3, 'Jimmy Luceño  edited: []', '2023-05-17 07:44:09', '2023-05-17 07:44:09'),
(227, 3, 'Jimmy Luceño  edited: []', '2023-05-17 07:44:54', '2023-05-17 07:44:54'),
(228, 3, 'Jimmy Luceño  edited: []', '2023-05-17 07:44:56', '2023-05-17 07:44:56'),
(229, 3, 'Jimmy Luceño  created course: BSABE', '2023-05-17 07:45:19', '2023-05-17 07:45:19'),
(230, 3, 'Jimmy Luceño  edited: []', '2023-05-17 07:45:21', '2023-05-17 07:45:21'),
(231, 3, 'Jimmy Luceño  edited: BSABE', '2023-05-17 07:47:47', '2023-05-17 07:47:47'),
(232, 3, 'Jimmy Luceño  edited: BSIT', '2023-05-17 07:47:58', '2023-05-17 07:47:58'),
(233, 3, 'Jimmy Luceño  edited: BSABE', '2023-05-17 07:52:33', '2023-05-17 07:52:33'),
(234, 3, 'Jimmy Luceño  edited: BSABE', '2023-05-17 07:52:47', '2023-05-17 07:52:47'),
(235, 3, 'Jimmy Luceño  edited: BSIT', '2023-05-17 07:58:28', '2023-05-17 07:58:28'),
(236, 3, 'Jimmy Luceño  Deleted: [null]', '2023-05-17 07:58:40', '2023-05-17 07:58:40'),
(237, 3, 'Jimmy Luceño  created course: BSIT', '2023-05-17 07:58:44', '2023-05-17 07:58:44'),
(238, 3, 'Jimmy Luceño  created Subject: Programming Paradigm 2 for course: BSABE', '2023-05-17 07:58:48', '2023-05-17 07:58:48'),
(239, 3, 'Jimmy Luceño  created Subject: Ethics for course: BSIT', '2023-05-17 08:01:00', '2023-05-17 08:01:00'),
(240, 3, 'Jimmy Luceño  added Subject: E for Year: 2', '2023-05-17 08:01:09', '2023-05-17 08:01:09'),
(241, 3, 'Jimmy Luceño  edited: [\"BSIT\"]', '2023-05-17 08:03:52', '2023-05-17 08:03:52'),
(242, 3, 'Jimmy Luceño  edited: []', '2023-05-17 08:04:21', '2023-05-17 08:04:21'),
(243, 3, 'Jimmy Luceño  edited: []', '2023-05-17 08:04:22', '2023-05-17 08:04:22'),
(244, 3, 'Jimmy Luceño  edited: []', '2023-05-17 08:04:36', '2023-05-17 08:04:36'),
(245, 3, 'Jimmy Luceño  edited: []', '2023-05-17 08:04:55', '2023-05-17 08:04:55'),
(246, 3, 'Jimmy Luceño  edited: [\"BSIT\"]', '2023-05-17 08:05:20', '2023-05-17 08:05:20'),
(247, 3, 'Jimmy Luceño  edited: [\"BSIT\"]', '2023-05-17 08:05:34', '2023-05-17 08:05:34'),
(248, 3, 'Jimmy Luceño  edited: [\"BSIT\"]', '2023-05-17 08:05:42', '2023-05-17 08:05:42'),
(249, 3, 'Jimmy Luceño  edited: [\"BSIT\"]', '2023-05-17 08:05:49', '2023-05-17 08:05:49'),
(250, 3, 'Jimmy Luceño  edited: [\"BSIT\"]', '2023-05-17 08:05:53', '2023-05-17 08:05:53'),
(251, 3, 'Jimmy Luceño  edited: [\"BSIT\"]', '2023-05-17 08:06:35', '2023-05-17 08:06:35'),
(252, 3, 'Jimmy Luceño  edited: [\"BSIT\"]', '2023-05-17 08:06:52', '2023-05-17 08:06:52'),
(253, 3, 'Jimmy Luceño  edited: [\"BSIT\"]', '2023-05-17 08:06:54', '2023-05-17 08:06:54'),
(254, 3, 'Jimmy Luceño  edited: [\"BSIT\"]', '2023-05-17 08:06:55', '2023-05-17 08:06:55'),
(255, 3, 'Jimmy Luceño  edited: [\"BSIT\"]', '2023-05-17 08:06:55', '2023-05-17 08:06:55'),
(256, 3, 'Jimmy Luceño  edited: [\"BSIT\"]', '2023-05-17 08:07:06', '2023-05-17 08:07:06'),
(257, 3, 'Jimmy Luceño  edited: [\"BSIT\"]', '2023-05-17 08:07:06', '2023-05-17 08:07:06'),
(258, 3, 'Jimmy Luceño  edited: [\"BSIT\"]', '2023-05-17 08:07:06', '2023-05-17 08:07:06'),
(259, 3, 'Jimmy Luceño  edited: [\"BSIT\"]', '2023-05-17 08:07:07', '2023-05-17 08:07:07'),
(260, 3, 'Jimmy Luceño  edited: [\"BSIT\"]', '2023-05-17 08:07:07', '2023-05-17 08:07:07'),
(261, 3, 'Jimmy Luceño  edited: [\"BSIT\"]', '2023-05-17 08:07:07', '2023-05-17 08:07:07'),
(262, 3, 'Jimmy Luceño  edited: [\"BSIT\"]', '2023-05-17 08:07:17', '2023-05-17 08:07:17'),
(263, 3, 'Jimmy Luceño  edited: [\"BSIT\"]', '2023-05-17 08:07:17', '2023-05-17 08:07:17'),
(264, 3, 'Jimmy Luceño  edited: [\"BSIT\"]', '2023-05-17 08:07:27', '2023-05-17 08:07:27'),
(265, 3, 'Jimmy Luceño  edited: [\"BSIT\"]', '2023-05-17 08:07:27', '2023-05-17 08:07:27'),
(266, 3, 'Jimmy Luceño  edited: [\"BSIT\"]', '2023-05-17 08:07:29', '2023-05-17 08:07:29'),
(267, 3, 'Jimmy Luceño  edited: [\"BSIT\"]', '2023-05-17 08:07:29', '2023-05-17 08:07:29'),
(268, 3, 'Jimmy Luceño  edited: [\"BSIT\"]', '2023-05-17 08:07:29', '2023-05-17 08:07:29'),
(269, 3, 'Jimmy Luceño  edited: [\"BSIT\"]', '2023-05-17 08:07:30', '2023-05-17 08:07:30'),
(270, 3, 'Jimmy Luceño  edited: [\"BSIT\"]', '2023-05-17 08:07:30', '2023-05-17 08:07:30'),
(271, 3, 'Jimmy Luceño  edited: [\"BSIT\"]', '2023-05-17 08:07:30', '2023-05-17 08:07:30'),
(272, 3, 'Jimmy Luceño  edited: [\"BSIT\"]', '2023-05-17 08:07:39', '2023-05-17 08:07:39'),
(273, 3, 'Jimmy Luceño  edited: [\"BSIT\"]', '2023-05-17 08:07:39', '2023-05-17 08:07:39'),
(274, 3, 'Jimmy Luceño  edited: [\"BSIT\"]', '2023-05-17 08:07:40', '2023-05-17 08:07:40'),
(275, 3, 'Jimmy Luceño  edited: [\"BSIT\"]', '2023-05-17 08:07:40', '2023-05-17 08:07:40'),
(276, 3, 'Jimmy Luceño  edited: [\"BSIT\"]', '2023-05-17 08:07:40', '2023-05-17 08:07:40'),
(277, 3, 'Jimmy Luceño  edited: [\"BSIT\"]', '2023-05-17 08:07:42', '2023-05-17 08:07:42'),
(278, 3, 'Jimmy Luceño  edited: [\"BSIT\"]', '2023-05-17 08:07:42', '2023-05-17 08:07:42'),
(279, 3, 'Jimmy Luceño  edited: [\"BSIT\"]', '2023-05-17 08:07:42', '2023-05-17 08:07:42'),
(280, 3, 'Jimmy Luceño  edited: [\"BSIT\"]', '2023-05-17 08:07:43', '2023-05-17 08:07:43'),
(281, 3, 'Jimmy Luceño  edited: [\"BSIT\"]', '2023-05-17 08:07:43', '2023-05-17 08:07:43'),
(282, 3, 'Jimmy Luceño  edited: [\"BSIT\"]', '2023-05-17 08:07:44', '2023-05-17 08:07:44'),
(283, 3, 'Jimmy Luceño  edited: [\"BSIT\"]', '2023-05-17 08:07:44', '2023-05-17 08:07:44'),
(284, 3, 'Jimmy Luceño  edited: [\"BSIT\"]', '2023-05-17 08:07:44', '2023-05-17 08:07:44'),
(285, 3, 'Jimmy Luceño  edited: [\"BSIT\"]', '2023-05-17 08:07:44', '2023-05-17 08:07:44'),
(286, 3, 'Jimmy Luceño  edited: [\"BSIT\"]', '2023-05-17 08:07:50', '2023-05-17 08:07:50'),
(287, 3, 'Jimmy Luceño  edited: [\"BSIT\"]', '2023-05-17 08:07:50', '2023-05-17 08:07:50'),
(288, 3, 'Jimmy Luceño  edited: [\"BSIT\"]', '2023-05-17 08:07:51', '2023-05-17 08:07:51'),
(289, 3, 'Jimmy Luceño  edited: [\"BSIT\"]', '2023-05-17 08:07:51', '2023-05-17 08:07:51'),
(290, 3, 'Jimmy Luceño  edited: [\"BSIT\"]', '2023-05-17 08:07:51', '2023-05-17 08:07:51'),
(291, 3, 'Jimmy Luceño  edited: [\"BSIT\"]', '2023-05-17 08:07:51', '2023-05-17 08:07:51'),
(292, 3, 'Jimmy Luceño  edited: [\"BSIT\"]', '2023-05-17 08:08:39', '2023-05-17 08:08:39'),
(293, 3, 'Jimmy Luceño  edited: [\"BSIT\"]', '2023-05-17 08:08:46', '2023-05-17 08:08:46'),
(294, 3, 'Jimmy Luceño  edited: [\"BSIT\"]', '2023-05-17 08:08:47', '2023-05-17 08:08:47'),
(295, 3, 'Jimmy Luceño  edited: [\"BSIT\"]', '2023-05-17 08:08:47', '2023-05-17 08:08:47'),
(296, 3, 'Jimmy Luceño  edited: [\"BSIT\"]', '2023-05-17 08:08:47', '2023-05-17 08:08:47'),
(297, 3, 'Jimmy Luceño  edited: [\"BSIT\"]', '2023-05-17 08:08:52', '2023-05-17 08:08:52'),
(298, 3, 'Jimmy Luceño  edited: [\"BSIT\"]', '2023-05-17 08:08:53', '2023-05-17 08:08:53'),
(299, 3, 'Jimmy Luceño  edited: [\"BSIT\"]', '2023-05-17 08:08:53', '2023-05-17 08:08:53'),
(300, 3, 'Jimmy Luceño  edited: [\"BSIT\"]', '2023-05-17 08:08:53', '2023-05-17 08:08:53'),
(301, 3, 'Jimmy Luceño  edited: [\"BSIT\"]', '2023-05-17 08:08:53', '2023-05-17 08:08:53'),
(302, 3, 'Jimmy Luceño  edited: [\"BSIT\"]', '2023-05-17 08:09:08', '2023-05-17 08:09:08'),
(303, 3, 'Jimmy Luceño  edited: [\"BSIT\"]', '2023-05-17 08:09:08', '2023-05-17 08:09:08'),
(304, 3, 'Jimmy Luceño  edited: [\"BSIT\"]', '2023-05-17 08:09:09', '2023-05-17 08:09:09'),
(305, 3, 'Jimmy Luceño  edited: [\"BSIT\"]', '2023-05-17 08:09:09', '2023-05-17 08:09:09'),
(306, 3, 'Jimmy Luceño  edited: [\"BSIT\"]', '2023-05-17 08:09:09', '2023-05-17 08:09:09'),
(307, 3, 'Jimmy Luceño  edited: [\"BSIT\"]', '2023-05-17 08:09:25', '2023-05-17 08:09:25'),
(308, 3, 'Jimmy Luceño  edited: [\"BSIT\"]', '2023-05-17 08:09:25', '2023-05-17 08:09:25'),
(309, 3, 'Jimmy Luceño  edited: [\"BSIT\"]', '2023-05-17 08:09:26', '2023-05-17 08:09:26'),
(310, 3, 'Jimmy Luceño  edited: [\"BSIT\"]', '2023-05-17 08:09:26', '2023-05-17 08:09:26'),
(311, 3, 'Jimmy Luceño  edited: [\"BSIT\"]', '2023-05-17 08:09:56', '2023-05-17 08:09:56'),
(312, 3, 'Jimmy Luceño  edited: [\"BSIT\"]', '2023-05-17 08:09:56', '2023-05-17 08:09:56'),
(313, 3, 'Jimmy Luceño  edited: [\"BSIT\"]', '2023-05-17 08:09:57', '2023-05-17 08:09:57'),
(314, 3, 'Jimmy Luceño  edited: [\"BSIT\"]', '2023-05-17 08:09:57', '2023-05-17 08:09:57'),
(315, 3, 'Jimmy Luceño  edited: [\"BSIT\"]', '2023-05-17 08:09:57', '2023-05-17 08:09:57'),
(316, 3, 'Jimmy Luceño  edited: [\"BSIT\"]', '2023-05-17 08:09:58', '2023-05-17 08:09:58'),
(317, 3, 'Jimmy Luceño  edited: [\"BSIT\"]', '2023-05-17 08:09:58', '2023-05-17 08:09:58'),
(318, 3, 'Jimmy Luceño  edited: [\"BSIT\"]', '2023-05-17 08:09:58', '2023-05-17 08:09:58'),
(319, 3, 'Jimmy Luceño  edited: [\"BSIT\"]', '2023-05-17 08:09:59', '2023-05-17 08:09:59'),
(320, 3, 'Jimmy Luceño  edited: [\"BSIT\"]', '2023-05-17 08:09:59', '2023-05-17 08:09:59'),
(321, 3, 'Jimmy Luceño  edited: [\"BSIT\"]', '2023-05-17 08:10:34', '2023-05-17 08:10:34'),
(322, 3, 'Jimmy Luceño  edited: BSED', '2023-05-17 08:11:52', '2023-05-17 08:11:52'),
(323, 3, 'Jimmy Luceño  edited: BSED', '2023-05-17 08:11:53', '2023-05-17 08:11:53'),
(324, 3, 'Jimmy Luceño  edited: [\"BSABE\"]', '2023-05-17 08:12:03', '2023-05-17 08:12:03'),
(325, 3, 'Jimmy Luceño  edited: BEED', '2023-05-17 08:12:06', '2023-05-17 08:12:06'),
(326, 3, 'Jimmy Luceño  edited: [\"BSABE\"]', '2023-05-17 08:12:27', '2023-05-17 08:12:27'),
(327, 3, 'Jimmy Luceño  edited: [\"BSABE\"]', '2023-05-17 08:12:56', '2023-05-17 08:12:56'),
(328, 3, 'Jimmy Luceño  Deleted: [\"BSABE\"]', '2023-05-17 08:12:59', '2023-05-17 08:12:59'),
(329, 3, 'Jimmy Luceño  Deleted: [\"BSIT\"]', '2023-05-17 08:12:59', '2023-05-17 08:12:59'),
(330, 3, 'Jimmy Luceño  Deleted: [\"Ethics\"]', '2023-05-17 08:13:11', '2023-05-17 08:13:11'),
(331, 3, 'Jimmy Luceño  created course: BSABE', '2023-05-17 08:13:15', '2023-05-17 08:13:15'),
(332, 3, 'Jimmy Luceño  edited: [\"BSABE\"]', '2023-05-17 08:13:17', '2023-05-17 08:13:17'),
(333, 3, 'Jimmy Luceño  edited: [\"BSABE\"]', '2023-05-17 08:14:05', '2023-05-17 08:14:05'),
(334, 3, 'Jimmy Luceño  edited: [\"BSABE\"]', '2023-05-17 08:14:05', '2023-05-17 08:14:05'),
(335, 3, 'Jimmy Luceño  edited: [\"BSABE\"]', '2023-05-17 08:14:06', '2023-05-17 08:14:06'),
(336, 3, 'Jimmy Luceño  edited: [\"BSABE\"]', '2023-05-17 08:14:06', '2023-05-17 08:14:06'),
(337, 3, 'Jimmy Luceño  edited: [\"BSABE\"]', '2023-05-17 08:14:21', '2023-05-17 08:14:21'),
(338, 3, 'Jimmy Luceño  edited: [\"BSABE\"]', '2023-05-17 08:14:21', '2023-05-17 08:14:21'),
(339, 3, 'Jimmy Luceño  edited: [\"BSABE\"]', '2023-05-17 08:14:22', '2023-05-17 08:14:22'),
(340, 3, 'Jimmy Luceño  edited: [\"BSABE\"]', '2023-05-17 08:14:22', '2023-05-17 08:14:22'),
(341, 3, 'Jimmy Luceño  edited: [\"BSABE\"]', '2023-05-17 08:14:22', '2023-05-17 08:14:22'),
(342, 3, 'Jimmy Luceño  edited: [\"BSABE\"]', '2023-05-17 08:14:22', '2023-05-17 08:14:22'),
(343, 3, 'Jimmy Luceño  edited: [\"BSABE\"]', '2023-05-17 08:14:42', '2023-05-17 08:14:42'),
(344, 3, 'Jimmy Luceño  edited: [\"BSABE\"]', '2023-05-17 08:14:44', '2023-05-17 08:14:44'),
(345, 3, 'Jimmy Luceño  edited: [\"BSABE\"]', '2023-05-17 08:14:49', '2023-05-17 08:14:49'),
(346, 3, 'Jimmy Luceño  edited: [\"BSABE\"]', '2023-05-17 08:15:19', '2023-05-17 08:15:19'),
(347, 3, 'Jimmy Luceño  edited: []', '2023-05-17 08:15:27', '2023-05-17 08:15:27'),
(348, 3, 'Jimmy Luceño  edited: []', '2023-05-17 08:16:10', '2023-05-17 08:16:10'),
(349, 3, 'Jimmy Luceño  edited: []', '2023-05-17 08:16:10', '2023-05-17 08:16:10'),
(350, 3, 'Jimmy Luceño  edited: []', '2023-05-17 08:16:11', '2023-05-17 08:16:11'),
(351, 3, 'Jimmy Luceño  edited: []', '2023-05-17 08:16:11', '2023-05-17 08:16:11'),
(352, 3, 'Jimmy Luceño  edited: []', '2023-05-17 08:16:17', '2023-05-17 08:16:17'),
(353, 3, 'Jimmy Luceño  edited: []', '2023-05-17 08:16:18', '2023-05-17 08:16:18'),
(354, 3, 'Jimmy Luceño  edited: []', '2023-05-17 08:16:18', '2023-05-17 08:16:18'),
(355, 3, 'Jimmy Luceño  edited: [\"BSABE\"]', '2023-05-17 08:19:57', '2023-05-17 08:19:57'),
(356, 3, 'Jimmy Luceño  edited: [\"BSABE\"]', '2023-05-17 08:20:07', '2023-05-17 08:20:07'),
(357, 3, 'Jimmy Luceño  edited: [\"BSABE\"]', '2023-05-17 08:20:09', '2023-05-17 08:20:09'),
(358, 3, 'Jimmy Luceño  edited: [\"BSABE\"]', '2023-05-17 08:20:20', '2023-05-17 08:20:20'),
(359, 3, 'Jimmy Luceño  edited: [\"BSABE\"]', '2023-05-17 08:20:36', '2023-05-17 08:20:36'),
(360, 3, 'Jimmy Luceño  edited: [\"BSABE\"]', '2023-05-17 08:20:47', '2023-05-17 08:20:47'),
(361, 3, 'Jimmy Luceño  edited: [\"BSABE\"]', '2023-05-17 08:20:58', '2023-05-17 08:20:58'),
(362, 3, 'Jimmy Luceño  edited: [\"BSABE\"]', '2023-05-17 08:20:58', '2023-05-17 08:20:58'),
(363, 3, 'Jimmy Luceño  edited: [\"BSABE\"]', '2023-05-17 08:20:59', '2023-05-17 08:20:59'),
(364, 3, 'Jimmy Luceño  edited: [\"BSABE\"]', '2023-05-17 08:21:11', '2023-05-17 08:21:11'),
(365, 3, 'Jimmy Luceño  edited: [\"BSABE\"]', '2023-05-17 08:21:12', '2023-05-17 08:21:12'),
(366, 3, 'Jimmy Luceño  edited: [\"BSABE\"]', '2023-05-17 08:21:12', '2023-05-17 08:21:12'),
(367, 3, 'Jimmy Luceño  edited: [\"BSABE\"]', '2023-05-17 08:21:12', '2023-05-17 08:21:12'),
(368, 3, 'Jimmy Luceño  edited: [\"BSABE\"]', '2023-05-17 08:21:13', '2023-05-17 08:21:13'),
(369, 3, 'Jimmy Luceño  edited: [\"BSABE\"]', '2023-05-17 08:21:55', '2023-05-17 08:21:55'),
(370, 3, 'Jimmy Luceño  edited: [\"BSABE\"]', '2023-05-17 08:22:06', '2023-05-17 08:22:06'),
(371, 3, 'Jimmy Luceño  edited: [\"BSABE\"]', '2023-05-17 08:22:06', '2023-05-17 08:22:06'),
(372, 3, 'Jimmy Luceño  edited: [\"BSABE\"]', '2023-05-17 08:22:06', '2023-05-17 08:22:06'),
(373, 3, 'Jimmy Luceño  edited: [\"BSABE\"]', '2023-05-17 08:22:06', '2023-05-17 08:22:06'),
(374, 3, 'Jimmy Luceño  edited: BEED', '2023-05-17 08:22:26', '2023-05-17 08:22:26'),
(375, 3, 'Jimmy Luceño  created course: BSIT', '2023-05-17 08:22:32', '2023-05-17 08:22:32'),
(376, 3, 'Jimmy Luceño  created course: BSIT', '2023-05-17 08:22:35', '2023-05-17 08:22:35'),
(377, 3, 'Jimmy Luceño  edited: [\"BSIT\"]', '2023-05-17 08:23:10', '2023-05-17 08:23:10'),
(378, 3, 'Jimmy Luceño  edited: [\"BSIT\"]', '2023-05-17 08:23:12', '2023-05-17 08:23:12'),
(379, 3, 'Jimmy Luceño  edited: BSABE', '2023-05-17 08:23:16', '2023-05-17 08:23:16'),
(380, 3, 'Jimmy Luceño  created course: BSED', '2023-05-17 08:23:23', '2023-05-17 08:23:23'),
(381, 3, 'Jimmy Luceño  edited: [\"BSED\"]', '2023-05-17 08:23:29', '2023-05-17 08:23:29'),
(382, 3, 'Jimmy Luceño  edited: BSABE', '2023-05-17 08:23:33', '2023-05-17 08:23:33'),
(383, 3, 'Jimmy Luceño  edited: [\"BSIT\"]', '2023-05-17 08:23:41', '2023-05-17 08:23:41'),
(384, 3, 'Jimmy Luceño  edited: BSNED', '2023-05-17 08:23:46', '2023-05-17 08:23:46'),
(385, 3, 'Jimmy Luceño  edited: [\"BSIT\"]', '2023-05-17 08:23:52', '2023-05-17 08:23:52'),
(386, 3, 'Jimmy Luceño  edited: [\"BSIT\"]', '2023-05-17 08:23:58', '2023-05-17 08:23:58'),
(387, 3, 'Jimmy Luceño  edited: BOBO', '2023-05-17 08:24:36', '2023-05-17 08:24:36'),
(388, 3, 'Jimmy Luceño  edited: [\"BOBO\"]', '2023-05-17 08:24:54', '2023-05-17 08:24:54'),
(389, 3, 'Jimmy Luceño  edited: asd', '2023-05-17 08:25:36', '2023-05-17 08:25:36'),
(390, 3, 'Jimmy Luceño  edited: [\"BSIT\"]', '2023-05-17 08:25:49', '2023-05-17 08:25:49'),
(391, 3, 'Jimmy Luceño  edited: faf', '2023-05-17 08:25:51', '2023-05-17 08:25:51'),
(392, 3, 'Jimmy Luceño  edited: [\"BSIT\"]', '2023-05-17 08:25:58', '2023-05-17 08:25:58'),
(393, 3, 'Jimmy Luceño  edited: [\"BSIT\"]', '2023-05-17 08:26:45', '2023-05-17 08:26:45'),
(394, 3, 'Jimmy Luceño  edited: [\"BSIT\"]', '2023-05-17 08:26:45', '2023-05-17 08:26:45'),
(395, 3, 'Jimmy Luceño  edited: [\"BSIT\"]', '2023-05-17 08:26:45', '2023-05-17 08:26:45'),
(396, 3, 'Jimmy Luceño  edited: [\"BSIT\"]', '2023-05-17 08:27:28', '2023-05-17 08:27:28'),
(397, 3, 'Jimmy Luceño  edited: [\"BSIT\"]', '2023-05-17 08:27:29', '2023-05-17 08:27:29'),
(398, 3, 'Jimmy Luceño  edited: [\"BSIT\"]', '2023-05-17 08:27:29', '2023-05-17 08:27:29'),
(399, 3, 'Jimmy Luceño  edited: [\"BSIT\"]', '2023-05-17 08:27:30', '2023-05-17 08:27:30'),
(400, 3, 'Jimmy Luceño  edited: [\"BSIT\"]', '2023-05-17 08:27:30', '2023-05-17 08:27:30'),
(401, 3, 'Jimmy Luceño  edited: [\"BSIT\"]', '2023-05-17 08:27:31', '2023-05-17 08:27:31'),
(402, 3, 'Jimmy Luceño  edited: [\"BSIT\"]', '2023-05-17 08:27:37', '2023-05-17 08:27:37'),
(403, 3, 'Jimmy Luceño  edited: [\"BSIT\"]', '2023-05-17 08:27:37', '2023-05-17 08:27:37'),
(404, 3, 'Jimmy Luceño  edited: [\"BSIT\"]', '2023-05-17 08:27:37', '2023-05-17 08:27:37'),
(405, 3, 'Jimmy Luceño  edited: 141', '2023-05-17 08:27:41', '2023-05-17 08:27:41'),
(406, 3, 'Jimmy Luceño  edited: [\"BSIT\"]', '2023-05-17 08:27:46', '2023-05-17 08:27:46'),
(407, 3, 'Jimmy Luceño  edited: f1v21', '2023-05-17 08:27:48', '2023-05-17 08:27:48'),
(408, 3, 'Jimmy Luceño  edited: [\"f1v21\"]', '2023-05-17 09:10:03', '2023-05-17 09:10:03'),
(409, 1, 'Admin Zohbert approved Roldan Fajardo\'s account.', '2023-05-17 09:12:21', '2023-05-17 09:12:21'),
(410, 2, 'Jun Valdez rejected Jonard Ray M. Cabunag\'s account.', '2023-05-17 11:45:02', '2023-05-17 11:45:02'),
(411, 5, 'Jonard Ray M. Cabunag rejected Jonard Ray M. Cabunag\'s account.', '2023-05-17 12:10:37', '2023-05-17 12:10:37'),
(412, 5, 'Jonard Ray M. Cabunag rejected Jonard Ray M. Cabunag\'s account.', '2023-05-17 12:10:39', '2023-05-17 12:10:39'),
(413, 5, 'Jonard Ray M. Cabunag rejected Jonard Ray M. Cabunag\'s account.', '2023-05-17 12:12:17', '2023-05-17 12:12:17'),
(414, 5, 'Jonard Ray M. Cabunag submitted a Personal Information Form', '2023-05-17 12:17:58', '2023-05-17 12:17:58');

-- --------------------------------------------------------

--
-- Table structure for table `courses`
--

CREATE TABLE `courses` (
  `id` bigint(20) UNSIGNED NOT NULL,
  `dean` varchar(255) NOT NULL,
  `schoolyear` varchar(255) DEFAULT NULL,
  `course` varchar(255) DEFAULT NULL,
  `status` int(11) DEFAULT NULL,
  `created_at` timestamp NULL DEFAULT NULL,
  `updated_at` timestamp NULL DEFAULT NULL
) ENGINE=InnoDB DEFAULT CHARSET=utf8mb4 COLLATE=utf8mb4_unicode_ci;

--
-- Dumping data for table `courses`
--

INSERT INTO `courses` (`id`, `dean`, `schoolyear`, `course`, `status`, `created_at`, `updated_at`) VALUES
(24, '3', '2023-2024', 'faf', 1, '2023-05-17 08:13:15', '2023-05-17 08:25:51'),
(25, '3', '2023-2024', 'f1v21', 1, '2023-05-17 08:22:32', '2023-05-17 08:27:48'),
(26, '3', '2023-2024', '141', 1, '2023-05-17 08:22:35', '2023-05-17 08:27:41'),
(27, '3', '2023-2024', 'BSED', 1, '2023-05-17 08:23:23', '2023-05-17 08:23:23');

-- --------------------------------------------------------

--
-- Table structure for table `failed_jobs`
--

CREATE TABLE `failed_jobs` (
  `id` bigint(20) UNSIGNED NOT NULL,
  `uuid` varchar(255) NOT NULL,
  `connection` text NOT NULL,
  `queue` text NOT NULL,
  `payload` longtext NOT NULL,
  `exception` longtext NOT NULL,
  `failed_at` timestamp NOT NULL DEFAULT current_timestamp()
) ENGINE=InnoDB DEFAULT CHARSET=utf8mb4 COLLATE=utf8mb4_unicode_ci;

-- --------------------------------------------------------

--
-- Table structure for table `migrations`
--

CREATE TABLE `migrations` (
  `id` int(10) UNSIGNED NOT NULL,
  `migration` varchar(255) NOT NULL,
  `batch` int(11) NOT NULL
) ENGINE=InnoDB DEFAULT CHARSET=utf8mb4 COLLATE=utf8mb4_unicode_ci;

--
-- Dumping data for table `migrations`
--

INSERT INTO `migrations` (`id`, `migration`, `batch`) VALUES
(30, '2014_10_12_000000_create_users_table', 1),
(31, '2014_10_12_100000_create_password_reset_tokens_table', 1),
(32, '2014_10_12_200000_add_two_factor_columns_to_users_table', 1),
(33, '2019_08_19_000000_create_failed_jobs_table', 1),
(34, '2019_12_14_000001_create_personal_access_tokens_table', 1),
(35, '2023_05_15_164420_create_sessions_table', 1),
(36, '2023_05_15_164537_create_sessions_table', 1),
(37, '2023_05_15_232102_schoolyear', 1),
(38, '2023_05_16_223539_schoolyear', 1),
(39, '2023_05_17_060517_subjects', 1),
(40, '2023_05_17_060700_teachers', 1),
(41, '2023_05_17_060834_course', 1),
(42, '2023_05_17_062924_course2', 2),
(43, '2023_05_17_103440_yearlevel', 2),
(44, '2023_05_17_133353_allsubs', 3),
(45, '2023_05_17_175011_student_info', 3);

-- --------------------------------------------------------

--
-- Table structure for table `password_reset_tokens`
--

CREATE TABLE `password_reset_tokens` (
  `email` varchar(255) NOT NULL,
  `token` varchar(255) NOT NULL,
  `created_at` timestamp NULL DEFAULT NULL
) ENGINE=InnoDB DEFAULT CHARSET=utf8mb4 COLLATE=utf8mb4_unicode_ci;

-- --------------------------------------------------------

--
-- Table structure for table `personal_access_tokens`
--

CREATE TABLE `personal_access_tokens` (
  `id` bigint(20) UNSIGNED NOT NULL,
  `tokenable_type` varchar(255) NOT NULL,
  `tokenable_id` bigint(20) UNSIGNED NOT NULL,
  `name` varchar(255) NOT NULL,
  `token` varchar(64) NOT NULL,
  `abilities` text DEFAULT NULL,
  `last_used_at` timestamp NULL DEFAULT NULL,
  `expires_at` timestamp NULL DEFAULT NULL,
  `created_at` timestamp NULL DEFAULT NULL,
  `updated_at` timestamp NULL DEFAULT NULL
) ENGINE=InnoDB DEFAULT CHARSET=utf8mb4 COLLATE=utf8mb4_unicode_ci;

-- --------------------------------------------------------

--
-- Table structure for table `semester_colleges`
--

CREATE TABLE `semester_colleges` (
  `id` bigint(20) UNSIGNED NOT NULL,
  `status` int(11) NOT NULL,
  `sem` varchar(255) NOT NULL,
  `schoolyear` varchar(255) NOT NULL,
  `total_enr` int(11) DEFAULT NULL,
  `created_at` timestamp NULL DEFAULT NULL,
  `updated_at` timestamp NULL DEFAULT NULL
) ENGINE=InnoDB DEFAULT CHARSET=utf8mb4 COLLATE=utf8mb4_unicode_ci;

--
-- Dumping data for table `semester_colleges`
--

INSERT INTO `semester_colleges` (`id`, `status`, `sem`, `schoolyear`, `total_enr`, `created_at`, `updated_at`) VALUES
(1, 0, '1st Semester', '2023-2024', NULL, '2023-05-15 18:50:03', '2023-05-17 03:04:33'),
(2, 0, '1st Semester', '2023-2024', NULL, '2023-05-15 19:03:42', '2023-05-17 03:04:33'),
(3, 0, '1st Semester', '2023-2024', NULL, '2023-05-15 19:03:57', '2023-05-17 03:04:33'),
(4, 0, '1st Semester', '2023-2024', NULL, '2023-05-15 19:05:21', '2023-05-17 03:04:33'),
(5, 0, '1st Semester', '2023-2024', NULL, '2023-05-15 19:05:22', '2023-05-17 03:04:33'),
(6, 0, '2nd Semester', '2023-2024', NULL, '2023-05-16 13:49:01', '2023-05-17 03:04:33'),
(7, 0, '2nd Semester', '2022-2023', NULL, '2023-05-16 13:56:31', '2023-05-17 03:04:33'),
(8, 1, '1st Semester', '2023-2024', NULL, '2023-05-17 03:04:33', '2023-05-17 03:04:33');

-- --------------------------------------------------------

--
-- Table structure for table `senior_years`
--

CREATE TABLE `senior_years` (
  `id` bigint(20) UNSIGNED NOT NULL,
  `status` int(11) NOT NULL,
  `schoolyear` varchar(255) NOT NULL,
  `total_enr` int(11) DEFAULT NULL,
  `created_at` timestamp NULL DEFAULT NULL,
  `updated_at` timestamp NULL DEFAULT NULL
) ENGINE=InnoDB DEFAULT CHARSET=utf8mb4 COLLATE=utf8mb4_unicode_ci;

--
-- Dumping data for table `senior_years`
--

INSERT INTO `senior_years` (`id`, `status`, `schoolyear`, `total_enr`, `created_at`, `updated_at`) VALUES
(1, 0, '2020-2023', NULL, '2023-05-16 14:41:58', '2023-05-16 14:46:40'),
(2, 0, '2020-2023', NULL, '2023-05-16 14:43:29', '2023-05-16 14:46:40'),
(3, 0, '2020-2023', NULL, '2023-05-16 14:43:51', '2023-05-16 14:46:40'),
(4, 0, '2020-2023', NULL, '2023-05-16 14:44:26', '2023-05-16 14:46:40'),
(5, 0, '2020-2023', NULL, '2023-05-16 14:45:55', '2023-05-16 14:46:40'),
(6, 0, '2020-2023', NULL, '2023-05-16 14:45:55', '2023-05-16 14:46:40'),
(7, 0, '2020-2023', NULL, '2023-05-16 14:45:55', '2023-05-16 14:46:40'),
(8, 0, '2020-2023', NULL, '2023-05-16 14:45:56', '2023-05-16 14:46:40'),
(9, 0, '2020-2023', NULL, '2023-05-16 14:45:56', '2023-05-16 14:46:40'),
(10, 0, '2020-2023', NULL, '2023-05-16 14:46:25', '2023-05-16 14:46:40'),
(11, 0, '2020-2023', NULL, '2023-05-16 14:46:26', '2023-05-16 14:46:40'),
(12, 0, '2020-2023', NULL, '2023-05-16 14:46:26', '2023-05-16 14:46:40'),
(13, 0, '2020-2023', NULL, '2023-05-16 14:46:39', '2023-05-16 14:46:40'),
(14, 0, '2020-2023', NULL, '2023-05-16 14:46:39', '2023-05-16 14:46:40'),
(15, 0, '2020-2023', NULL, '2023-05-16 14:46:40', '2023-05-16 14:46:40'),
(16, 1, '2020-2023', NULL, '2023-05-16 14:46:40', '2023-05-16 14:46:40');

-- --------------------------------------------------------

--
-- Table structure for table `sessions`
--

CREATE TABLE `sessions` (
  `id` varchar(255) NOT NULL,
  `user_id` bigint(20) UNSIGNED DEFAULT NULL,
  `ip_address` varchar(45) DEFAULT NULL,
  `user_agent` text DEFAULT NULL,
  `payload` longtext NOT NULL,
  `last_activity` int(11) NOT NULL
) ENGINE=InnoDB DEFAULT CHARSET=utf8mb4 COLLATE=utf8mb4_unicode_ci;

--
-- Dumping data for table `sessions`
--

INSERT INTO `sessions` (`id`, `user_id`, `ip_address`, `user_agent`, `payload`, `last_activity`) VALUES
('RcYG9aBJ9d0mWi0iasTRi4pJPoUpSgnYyZ93ShPJ', 5, '127.0.0.1', 'Mozilla/5.0 (Windows NT 10.0; Win64; x64) AppleWebKit/537.36 (KHTML, like Gecko) Chrome/113.0.0.0 Safari/537.36', 'YTo1OntzOjY6Il90b2tlbiI7czo0MDoiaWNUd1o0OWttYk1YVlg5aDFUMzE2c05qNDVrMW1SRFpaM1BTTTlwcyI7czo2OiJfZmxhc2giO2E6Mjp7czozOiJvbGQiO2E6MDp7fXM6MzoibmV3IjthOjA6e319czo5OiJfcHJldmlvdXMiO2E6MTp7czozOiJ1cmwiO3M6MzM6Imh0dHA6Ly8xMjcuMC4wLjE6ODAwMC9zdHVkZW50ZGFzaCI7fXM6MjE6InBhc3N3b3JkX2hhc2hfc2FuY3R1bSI7czo2MDoiJDJ5JDEwJDJWLkYyZW5sN2UvMFJJVy9IWUhnbHVDZFZsVFVhNWVWd0t0aWNQUzZtMHFlemNwYTkwME9LIjtzOjUwOiJsb2dpbl93ZWJfNTliYTM2YWRkYzJiMmY5NDAxNTgwZjAxNGM3ZjU4ZWE0ZTMwOTg5ZCI7aTo1O30=', 1684355269);

-- --------------------------------------------------------

--
-- Table structure for table `student_infos`
--

CREATE TABLE `student_infos` (
  `id` bigint(20) UNSIGNED NOT NULL,
  `name` varchar(255) NOT NULL,
  `age` varchar(255) DEFAULT NULL,
  `birthdate` date NOT NULL,
  `gender` varchar(255) DEFAULT NULL,
  `civilstatus` varchar(255) DEFAULT NULL,
  `contactno` varchar(255) DEFAULT NULL,
  `status` int(11) DEFAULT NULL,
  `created_at` timestamp NULL DEFAULT NULL,
  `updated_at` timestamp NULL DEFAULT NULL
) ENGINE=InnoDB DEFAULT CHARSET=utf8mb4 COLLATE=utf8mb4_unicode_ci;

--
-- Dumping data for table `student_infos`
--

INSERT INTO `student_infos` (`id`, `name`, `age`, `birthdate`, `gender`, `civilstatus`, `contactno`, `status`, `created_at`, `updated_at`) VALUES
(1, 'Jonard Ray M. Cabunag', '21', '2023-05-19', 'Male', 'Single', '41241412', 0, '2023-05-17 12:17:58', '2023-05-17 12:17:58');

-- --------------------------------------------------------

--
-- Table structure for table `subjects`
--

CREATE TABLE `subjects` (
  `id` bigint(20) UNSIGNED NOT NULL,
  `course` varchar(255) NOT NULL,
  `Subject` varchar(255) NOT NULL,
  `dean` varchar(255) NOT NULL,
  `year` varchar(255) NOT NULL,
  `status` int(11) DEFAULT NULL,
  `created_at` timestamp NULL DEFAULT NULL,
  `updated_at` timestamp NULL DEFAULT NULL
) ENGINE=InnoDB DEFAULT CHARSET=utf8mb4 COLLATE=utf8mb4_unicode_ci;

--
-- Dumping data for table `subjects`
--

INSERT INTO `subjects` (`id`, `course`, `Subject`, `dean`, `year`, `status`, `created_at`, `updated_at`) VALUES
(1, 'BSIT', 'Programming Paradigm 2', '3', '2023-2024', 1, '2023-05-17 05:50:00', '2023-05-17 05:50:00'),
(2, 'BSIT', 'Prog', '3', '2023-2024', 1, '2023-05-17 05:50:55', '2023-05-17 05:50:55'),
(3, 'BSIT', 'Programming Paradigm 3', '3', '2023-2024', 1, '2023-05-17 05:51:12', '2023-05-17 05:51:12'),
(4, 'BSIT', 'Programming Paradigm 2', '3', '2023-2024', 1, '2023-05-17 06:20:17', '2023-05-17 06:20:17'),
(5, 'BSABE', 'Programming Paradigm 2', '3', '2023-2024', 1, '2023-05-17 07:58:48', '2023-05-17 07:58:48'),
(6, 'BSIT', 'Ethics', '3', '2023-2024', 1, '2023-05-17 08:01:00', '2023-05-17 08:01:00');

-- --------------------------------------------------------

--
-- Table structure for table `teachers`
--

CREATE TABLE `teachers` (
  `id` bigint(20) UNSIGNED NOT NULL,
  `userid` varchar(255) NOT NULL,
  `year` varchar(255) DEFAULT NULL,
  `dean` varchar(255) DEFAULT NULL,
  `course` varchar(255) DEFAULT NULL,
  `status` int(11) DEFAULT NULL,
  `created_at` timestamp NULL DEFAULT NULL,
  `updated_at` timestamp NULL DEFAULT NULL
) ENGINE=InnoDB DEFAULT CHARSET=utf8mb4 COLLATE=utf8mb4_unicode_ci;

-- --------------------------------------------------------

--
-- Table structure for table `users`
--

CREATE TABLE `users` (
  `id` bigint(20) UNSIGNED NOT NULL,
  `name` varchar(255) NOT NULL,
  `role` varchar(255) NOT NULL,
  `email` varchar(255) NOT NULL,
  `email_verified_at` timestamp NULL DEFAULT NULL,
  `password` varchar(255) NOT NULL,
  `two_factor_secret` text DEFAULT NULL,
  `two_factor_recovery_codes` text DEFAULT NULL,
  `two_factor_confirmed_at` timestamp NULL DEFAULT NULL,
  `remember_token` varchar(100) DEFAULT NULL,
  `current_team_id` bigint(20) UNSIGNED DEFAULT NULL,
  `profile_photo_path` varchar(2048) DEFAULT NULL,
  `created_at` timestamp NULL DEFAULT NULL,
  `updated_at` timestamp NULL DEFAULT NULL,
  `status` int(11) NOT NULL
) ENGINE=InnoDB DEFAULT CHARSET=utf8mb4 COLLATE=utf8mb4_unicode_ci;

--
-- Dumping data for table `users`
--

INSERT INTO `users` (`id`, `name`, `role`, `email`, `email_verified_at`, `password`, `two_factor_secret`, `two_factor_recovery_codes`, `two_factor_confirmed_at`, `remember_token`, `current_team_id`, `profile_photo_path`, `created_at`, `updated_at`, `status`) VALUES
(1, 'Admin Zohbert', 'Administrator', 'administrator@admin.com', NULL, '$2y$10$HWt41hQf.Jh7K0Nm5uPTeej1YJtIRzQbGUGuuKACNQSk1kxDrBsjO', NULL, NULL, NULL, NULL, NULL, 'profile-photos/OvR382G4OZgtZlbW7PH2eJKouyGFrMQY18ewxKuj.png', '2023-05-15 10:07:11', '2023-05-17 01:54:20', 1),
(2, 'Jun Valdez', 'Registrar', 'junvaldez@gmail.com', NULL, '$2y$10$NqL1wvqPfRaPJHcE5vv0Zudge9.lSL6WiKETXxjEW2YApC7uHEgeS', NULL, NULL, NULL, NULL, NULL, NULL, '2023-05-15 10:08:00', '2023-05-15 10:11:42', 1),
(3, 'Jimmy Luceño ', 'Dean', 'jimmy@gmail.com', NULL, '$2y$10$m4JSB1QdNSE7hJ8LhPAZQO8kEqMwBKRkNWetzf1tL/skU9hoAZjhe', NULL, NULL, NULL, NULL, NULL, NULL, '2023-05-15 10:11:32', '2023-05-15 11:26:29', 1),
(4, 'Roldan Fajardo', 'Student', 'roldan@gmail.com', NULL, '$2y$10$95Em4BKyjXIUIhe8O6L6yenc2Cm2TwxGAJCDVtkYq4/aCmgU/q0mO', NULL, NULL, NULL, NULL, NULL, NULL, '2023-05-17 03:28:15', '2023-05-17 09:12:21', 1),
(5, 'Jonard Ray M. Cabunag', 'Student', 'gyumeen14321@gmail.com', NULL, '$2y$10$2V.F2enl7e/0RIW/HYHgluCdVlTUa5eVwKticPS6m0qezcpa900OK', NULL, NULL, NULL, NULL, NULL, NULL, '2023-05-17 11:19:11', '2023-05-17 12:12:17', 1);

-- --------------------------------------------------------

--
-- Table structure for table `yearlevels`
--

CREATE TABLE `yearlevels` (
  `id` bigint(20) UNSIGNED NOT NULL,
  `yearlevel` varchar(255) NOT NULL,
  `course` varchar(255) DEFAULT NULL,
  `subject` varchar(255) DEFAULT NULL,
  `status` int(11) DEFAULT NULL,
  `created_at` timestamp NULL DEFAULT NULL,
  `updated_at` timestamp NULL DEFAULT NULL
) ENGINE=InnoDB DEFAULT CHARSET=utf8mb4 COLLATE=utf8mb4_unicode_ci;

--
-- Indexes for dumped tables
--

--
-- Indexes for table `adminlogs`
--
ALTER TABLE `adminlogs`
  ADD PRIMARY KEY (`id`);

--
-- Indexes for table `courses`
--
ALTER TABLE `courses`
  ADD PRIMARY KEY (`id`);

--
-- Indexes for table `failed_jobs`
--
ALTER TABLE `failed_jobs`
  ADD PRIMARY KEY (`id`),
  ADD UNIQUE KEY `failed_jobs_uuid_unique` (`uuid`);

--
-- Indexes for table `migrations`
--
ALTER TABLE `migrations`
  ADD PRIMARY KEY (`id`);

--
-- Indexes for table `password_reset_tokens`
--
ALTER TABLE `password_reset_tokens`
  ADD PRIMARY KEY (`email`);

--
-- Indexes for table `personal_access_tokens`
--
ALTER TABLE `personal_access_tokens`
  ADD PRIMARY KEY (`id`),
  ADD UNIQUE KEY `personal_access_tokens_token_unique` (`token`),
  ADD KEY `personal_access_tokens_tokenable_type_tokenable_id_index` (`tokenable_type`,`tokenable_id`);

--
-- Indexes for table `semester_colleges`
--
ALTER TABLE `semester_colleges`
  ADD PRIMARY KEY (`id`);

--
-- Indexes for table `senior_years`
--
ALTER TABLE `senior_years`
  ADD PRIMARY KEY (`id`);

--
-- Indexes for table `sessions`
--
ALTER TABLE `sessions`
  ADD PRIMARY KEY (`id`),
  ADD KEY `sessions_user_id_index` (`user_id`),
  ADD KEY `sessions_last_activity_index` (`last_activity`);

--
-- Indexes for table `student_infos`
--
ALTER TABLE `student_infos`
  ADD PRIMARY KEY (`id`);

--
-- Indexes for table `subjects`
--
ALTER TABLE `subjects`
  ADD PRIMARY KEY (`id`);

--
-- Indexes for table `teachers`
--
ALTER TABLE `teachers`
  ADD PRIMARY KEY (`id`);

--
-- Indexes for table `users`
--
ALTER TABLE `users`
  ADD PRIMARY KEY (`id`),
  ADD UNIQUE KEY `users_email_unique` (`email`);

--
-- Indexes for table `yearlevels`
--
ALTER TABLE `yearlevels`
  ADD PRIMARY KEY (`id`);

--
-- AUTO_INCREMENT for dumped tables
--

--
-- AUTO_INCREMENT for table `adminlogs`
--
ALTER TABLE `adminlogs`
  MODIFY `id` bigint(20) UNSIGNED NOT NULL AUTO_INCREMENT, AUTO_INCREMENT=415;

--
-- AUTO_INCREMENT for table `courses`
--
ALTER TABLE `courses`
  MODIFY `id` bigint(20) UNSIGNED NOT NULL AUTO_INCREMENT, AUTO_INCREMENT=28;

--
-- AUTO_INCREMENT for table `failed_jobs`
--
ALTER TABLE `failed_jobs`
  MODIFY `id` bigint(20) UNSIGNED NOT NULL AUTO_INCREMENT;

--
-- AUTO_INCREMENT for table `migrations`
--
ALTER TABLE `migrations`
  MODIFY `id` int(10) UNSIGNED NOT NULL AUTO_INCREMENT, AUTO_INCREMENT=46;

--
-- AUTO_INCREMENT for table `personal_access_tokens`
--
ALTER TABLE `personal_access_tokens`
  MODIFY `id` bigint(20) UNSIGNED NOT NULL AUTO_INCREMENT;

--
-- AUTO_INCREMENT for table `semester_colleges`
--
ALTER TABLE `semester_colleges`
  MODIFY `id` bigint(20) UNSIGNED NOT NULL AUTO_INCREMENT, AUTO_INCREMENT=9;

--
-- AUTO_INCREMENT for table `senior_years`
--
ALTER TABLE `senior_years`
  MODIFY `id` bigint(20) UNSIGNED NOT NULL AUTO_INCREMENT, AUTO_INCREMENT=17;

--
-- AUTO_INCREMENT for table `student_infos`
--
ALTER TABLE `student_infos`
  MODIFY `id` bigint(20) UNSIGNED NOT NULL AUTO_INCREMENT, AUTO_INCREMENT=2;

--
-- AUTO_INCREMENT for table `subjects`
--
ALTER TABLE `subjects`
  MODIFY `id` bigint(20) UNSIGNED NOT NULL AUTO_INCREMENT, AUTO_INCREMENT=7;

--
-- AUTO_INCREMENT for table `teachers`
--
ALTER TABLE `teachers`
  MODIFY `id` bigint(20) UNSIGNED NOT NULL AUTO_INCREMENT;

--
-- AUTO_INCREMENT for table `users`
--
ALTER TABLE `users`
  MODIFY `id` bigint(20) UNSIGNED NOT NULL AUTO_INCREMENT, AUTO_INCREMENT=6;

--
-- AUTO_INCREMENT for table `yearlevels`
--
ALTER TABLE `yearlevels`
  MODIFY `id` bigint(20) UNSIGNED NOT NULL AUTO_INCREMENT, AUTO_INCREMENT=11;
COMMIT;

/*!40101 SET CHARACTER_SET_CLIENT=@OLD_CHARACTER_SET_CLIENT */;
/*!40101 SET CHARACTER_SET_RESULTS=@OLD_CHARACTER_SET_RESULTS */;
/*!40101 SET COLLATION_CONNECTION=@OLD_COLLATION_CONNECTION */;
